<NotepadPlus>
<?xml version="1.0" encoding="UTF-8" ?>
	<AutoComplete>
		<KeyWord name="absRefPrefix" />
		<KeyWord name="accessibility" />
		<KeyWord name="accessKey" />
		<KeyWord name="ACT" />
		<KeyWord name="ACTIFSUB" />
		<KeyWord name="ACTIFSUBRO" />
		<KeyWord name="ACTRO" />
		<KeyWord name="addAttributes" />
		<KeyWord name="addExtUrlsAndShortCuts" />
		<KeyWord name="addHeight" />
		<KeyWord name="addItems" />
		<KeyWord name="additionalHeaders" />
		<KeyWord name="additionalParams" />
		<KeyWord name="additionalPreviewLanguages" />
		<KeyWord name="addParams" />
		<KeyWord name="addQueryString" />
		<KeyWord name="addWidth" />
		<KeyWord name="adjustItemsH" />
		<KeyWord name="adjustSubItemsH" />
		<KeyWord name="adminPanelStyles" />
		<KeyWord name="admPanel" />
		<KeyWord name="after" />
		<KeyWord name="afterImg" />
		<KeyWord name="afterImgLink" />
		<KeyWord name="afterImgTagParams" />
		<KeyWord name="afterROImg" />
		<KeyWord name="afterWrap" />
		<KeyWord name="age" />
		<KeyWord name="alertPopups" />
		<KeyWord name="align" />
		<KeyWord name="all" />
		<KeyWord name="allow" />
		<KeyWord name="allowCaching" />
		<KeyWord name="allowedAttribs" />
		<KeyWord name="allowedClasses" />
		<KeyWord name="allowedCols" />
		<KeyWord name="allowEdit" />
		<KeyWord name="allowedNewTables" />
		<KeyWord name="allowNew" />
		<KeyWord name="allowTags" />
		<KeyWord name="allowTagsOutside" />
		<KeyWord name="allowTVlisting" />
		<KeyWord name="allSaveFunctions" />
		<KeyWord name="allStdWrap" />
		<KeyWord name="allWrap" />
		<KeyWord name="alternateBgColors" />
		<KeyWord name="alternativeSortingField" />
		<KeyWord name="alternativeTempPath" />
		<KeyWord name="altImgResource" />
		<KeyWord name="altLabels" />
		<KeyWord name="altMainMarkers" />
		<KeyWord name="altTarget" />
		<KeyWord name="altText" />
		<KeyWord name="altUrl" />
		<KeyWord name="altUrl_noDefaultParams" />
		<KeyWord name="altWrap" />
		<KeyWord name="alt_print" />
		<KeyWord name="always" />
		<KeyWord name="alwaysActivePIDlist" />
		<KeyWord name="alwaysLink" />
		<KeyWord name="alwaysShowClickMenuInTopFrame" />
		<KeyWord name="andWhere" />
		<KeyWord name="angle" />
		<KeyWord name="antiAlias" />
		<KeyWord name="appearance" />
		<KeyWord name="append" />
		<KeyWord name="appendSViewPBtoContent" />
		<KeyWord name="applyTotalH" />
		<KeyWord name="applyTotalW" />
		<KeyWord name="archive" />
		<KeyWord name="archiveTypoLink" />
		<KeyWord name="arrayReturnMode" />
		<KeyWord name="arrowACT" />
		<KeyWord name="arrowImgParams" />
		<KeyWord name="arrowNO" />
		<KeyWord name="ascii" />
		<KeyWord name="ATagAfterWrap" />
		<KeyWord name="ATagBeforeWrap" />
		<KeyWord name="ATagParams" />
		<KeyWord name="ATagTitle" />
		<KeyWord name="atLeast" />
		<KeyWord name="atMost" />
		<KeyWord name="attribute" />
		<KeyWord name="auth" />
		<KeyWord name="autoInsertPID" />
		<KeyWord name="autoLevels" />
		<KeyWord name="autonumber" />
		<KeyWord name="autoSizeMax" />
		<KeyWord name="backColor" />
		<KeyWord name="background" />
		<KeyWord name="backPid" />
		<KeyWord name="badMess" />
		<KeyWord name="baseProtocol" />
		<KeyWord name="baseProtocol" />
		<KeyWord name="baseURL" />
		<KeyWord name="BE" />
		<KeyWord name="before" />
		<KeyWord name="beforeImg" />
		<KeyWord name="beforeImgLink" />
		<KeyWord name="beforeImgTagParams" />
		<KeyWord name="beforeROImg" />
		<KeyWord name="beforeWrap" />
		<KeyWord name="begin" />
		<KeyWord name="beLoginLinkIPList" />
		<KeyWord name="beLoginLinkIPList_login" />
		<KeyWord name="beLoginLinkIPList_logout" />
		<KeyWord name="beUserLogin" />
		<KeyWord name="be_groups" />
		<KeyWord name="BE_USER" />
		<KeyWord name="be_users" />
		<KeyWord name="bgCol" />
		<KeyWord name="bgcolor" />
		<KeyWord name="bgImg" />
		<KeyWord name="blankStrEqFalse" />
		<KeyWord name="blur" />
		<KeyWord name="bm" />
		<KeyWord name="bodyTag" />
		<KeyWord name="bodyTagAdd" />
		<KeyWord name="bodyTagCObject" />
		<KeyWord name="bodyTagMargins" />
		<KeyWord name="bodytext" />
		<KeyWord name="border" />
		<KeyWord name="borderCol" />
		<KeyWord name="bordersWithin" />
		<KeyWord name="borderThick" />
		<KeyWord name="bottomBackColor" />
		<KeyWord name="bottomContent" />
		<KeyWord name="bottomHeight" />
		<KeyWord name="bottomImg" />
		<KeyWord name="bottomImg_mask" />
		<KeyWord name="BOX" />
		<KeyWord name="br" />
		<KeyWord name="browse" />
		<KeyWord name="browser" />
		<KeyWord name="brTag" />
		<KeyWord name="bullet" />
		<KeyWord name="bulletlist" />
		<KeyWord name="bullets" />
		<KeyWord name="bytes" />
		<KeyWord name="cache" />
		<KeyWord name="cache_clearAtMidnight" />
		<KeyWord name="cache_period" />
		<KeyWord name="caption" />
		<KeyWord name="captionAlign" />
		<KeyWord name="captionHeader" />
		<KeyWord name="captionSplit" />
		<KeyWord name="caption_stdWrap" />
		<KeyWord name="CARRAY" />
		<KeyWord name="case" />
		<KeyWord name="CASE" />
		<KeyWord name="casesensitiveComp" />
		<KeyWord name="categoryMode" />
		<KeyWord name="catmenuItem_ACT_stdWrap" />
		<KeyWord name="catmenuItem_NO_stdWrap" />
		<KeyWord name="catmenuLevel1_stdWrap" />
		<KeyWord name="catmenuLevel2_stdWrap" />
		<KeyWord name="catmenuLevel3_stdWrap" />
		<KeyWord name="catmenuLevel4_stdWrap" />
		<KeyWord name="catmenu_stdWrap" />
		<KeyWord name="cellpadding" />
		<KeyWord name="cellspacing" />
		<KeyWord name="centerImgACT" />
		<KeyWord name="centerImgCUR" />
		<KeyWord name="centerImgNO" />
		<KeyWord name="centerLeftImgACT" />
		<KeyWord name="centerLeftImgCUR" />
		<KeyWord name="centerLeftImgNO" />
		<KeyWord name="centerRightImgACT" />
		<KeyWord name="centerRightImgCUR" />
		<KeyWord name="centerRightImgNO" />
		<KeyWord name="char" />
		<KeyWord name="charcoal" />
		<KeyWord name="charMapConfig" />
		<KeyWord name="check" />
		<KeyWord name="CHECK" />
		<KeyWord name="class" />
		<KeyWord name="classesAnchor" />
		<KeyWord name="classesCharacter" />
		<KeyWord name="classesImage" />
		<KeyWord name="classesParagraph" />
		<KeyWord name="classicPageEditMode" />
		<KeyWord name="clear" />
		<KeyWord name="clearCache" />
		<KeyWord name="clearCacheCmd" />
		<KeyWord name="clearCacheLevels" />
		<KeyWord name="clearCacheOfPages" />
		<KeyWord name="clearCache_disable" />
		<KeyWord name="clearCache_pageGrandParent" />
		<KeyWord name="clearCache_pageSiblingChildren" />
		<KeyWord name="CLEARGIF" />
		<KeyWord name="clickMenuTimeOut" />
		<KeyWord name="clickTitleMode" />
		<KeyWord name="clipboardNumberPads" />
		<KeyWord name="cMargins" />
		<KeyWord name="COA" />
		<KeyWord name="COA_INT" />
		<KeyWord name="cObj" />
		<KeyWord name="cObject" />
		<KeyWord name="cObjNum" />
		<KeyWord name="COBJ_ARRAY" />
		<KeyWord name="collapse" />
		<KeyWord name="color" />
		<KeyWord name="color1" />
		<KeyWord name="color2" />
		<KeyWord name="color3" />
		<KeyWord name="color4" />
		<KeyWord name="colors" />
		<KeyWord name="colour" />
		<KeyWord name="colPos" />
		<KeyWord name="colPos_list" />
		<KeyWord name="colRelations" />
		<KeyWord name="cols" />
		<KeyWord name="colSpace" />
		<KeyWord name="COLUMNS" />
		<KeyWord name="COMMENT" />
		<KeyWord name="commentWrap" />
		<KeyWord name="comment_auto" />
		<KeyWord name="compensateFieldWidth" />
		<KeyWord name="compX" />
		<KeyWord name="compY" />
		<KeyWord name="condensedMode" />
		<KeyWord name="conf" />
		<KeyWord name="CONFIG" />
		<KeyWord name="config" />
		<KeyWord name="constants" />
		<KeyWord name="CONSTANTS" />
		<KeyWord name="CONTENT" />
		<KeyWord name="content" />
		<KeyWord name="contentCSS" />
		<KeyWord name="content_from_pid_allowOutsideDomain" />
		<KeyWord name="contextMenu" />
		<KeyWord name="copy" />
		<KeyWord name="copyLevels" />
		<KeyWord name="count_HMENU_MENUOBJ" />
		<KeyWord name="count_menuItems" />
		<KeyWord name="count_MENUOBJ" />
		<KeyWord name="create" />
		<KeyWord name="createFoldersInEB" />
		<KeyWord name="crop" />
		<KeyWord name="csConv" />
		<KeyWord name="CSS_inlineStyle" />
		<KeyWord name="CTABLE" />
		<KeyWord name="CType" />
		<KeyWord name="CUR" />
		<KeyWord name="CURIFSUB" />
		<KeyWord name="CURIFSUBRO" />
		<KeyWord name="current" />
		<KeyWord name="CURRO" />
		<KeyWord name="curUid" />
		<KeyWord name="cut" />
		<KeyWord name="cWidth" />
		<KeyWord name="data" />
		<KeyWord name="dataArray" />
		<KeyWord name="dataWrap" />
		<KeyWord name="date" />
		<KeyWord name="datePrefix" />
		<KeyWord name="datetimeDaysToArchive" />
		<KeyWord name="date_stdWrap" />
		<KeyWord name="dayofmonth" />
		<KeyWord name="dayofweek" />
		<KeyWord name="DB" />
		<KeyWord name="db_list" />
		<KeyWord name="debug" />
		<KeyWord name="debugData" />
		<KeyWord name="debugFunc" />
		<KeyWord name="debugItemConf" />
		<KeyWord name="debugRenumberedObject" />
		<KeyWord name="default" />
		<KeyWord name="defaultAlign" />
		<KeyWord name="defaultCmd" />
		<KeyWord name="defaultFileUploads" />
		<KeyWord name="defaultHeaderType" />
		<KeyWord name="defaultLanguageFlag" />
		<KeyWord name="defaultLanguageLabel" />
		<KeyWord name="defaultOutput" />
		<KeyWord name="defaults" />
		<KeyWord name="defaultType" />
		<KeyWord name="defLangBinding" />
		<KeyWord name="delete" />
		<KeyWord name="denyTags" />
		<KeyWord name="depth" />
		<KeyWord name="DESC" />
		<KeyWord name="description" />
		<KeyWord name="device" />
		<KeyWord name="dimensions" />
		<KeyWord name="directionLeft" />
		<KeyWord name="directionUp" />
		<KeyWord name="directory" />
		<KeyWord name="directReturn" />
		<KeyWord name="disableAdvanced" />
		<KeyWord name="disableAllHeaderCode" />
		<KeyWord name="disableAltText" />
		<KeyWord name="disableBigButtons" />
		<KeyWord name="disableCacheSelector" />
		<KeyWord name="disableCharsetHeader" />
		<KeyWord name="disableCMlayers" />
		<KeyWord name="disabled" />
		<KeyWord name="disableDelete" />
		<KeyWord name="disableDocModuleInAB" />
		<KeyWord name="disableDocSelector" />
		<KeyWord name="disableHideAtCopy" />
		<KeyWord name="disableIconLinkToContextmenu" />
		<KeyWord name="disableIconToolbar" />
		<KeyWord name="disableImgBorderAttr" />
		<KeyWord name="disableItems" />
		<KeyWord name="disableNewContentElementWizard" />
		<KeyWord name="disableNoMatchingValueElement" />
		<KeyWord name="disablePageExternalUrl" />
		<KeyWord name="disablePathInfo" />
		<KeyWord name="disablePrefixComment" />
		<KeyWord name="disablePrependAtCopy" />
		<KeyWord name="disableSearchBox" />
		<KeyWord name="disableSingleTableView" />
		<KeyWord name="disableTabInTextarea" />
		<KeyWord name="disableTitleHighlight" />
		<KeyWord name="displayActiveOnLoad" />
		<KeyWord name="displayCatMenu" />
		<KeyWord name="displayContent" />
		<KeyWord name="displayFieldIcons" />
		<KeyWord name="displayIcons" />
		<KeyWord name="displayLatest" />
		<KeyWord name="displayList" />
		<KeyWord name="displayMessages" />
		<KeyWord name="displayQueries" />
		<KeyWord name="displayRecord" />
		<KeyWord name="displaySingle" />
		<KeyWord name="displayTimes" />
		<KeyWord name="distributeX" />
		<KeyWord name="distributeY" />
		<KeyWord name="div" />
		<KeyWord name="DIV" />
		<KeyWord name="doctype" />
		<KeyWord name="doctypeSwitch" />
		<KeyWord name="DOCUMENT_BODY" />
		<KeyWord name="doktype" />
		<KeyWord name="doNotLinkIt" />
		<KeyWord name="doNotShowLink" />
		<KeyWord name="doNotStripHTML" />
		<KeyWord name="dontCheckPid" />
		<KeyWord name="dontConvBRtoParagraph" />
		<KeyWord name="dontFollowMouse" />
		<KeyWord name="dontHideOnMouseUp" />
		<KeyWord name="dontLinkIfSubmenu" />
		<KeyWord name="dontMd5FieldNames" />
		<KeyWord name="dontMountAdminMounts" />
		<KeyWord name="dontShowPalettesOnFocusInAB" />
		<KeyWord name="dontWrapInTable" />
		<KeyWord name="doubleBrTag" />
		<KeyWord name="doublePostCheck" />
		<KeyWord name="dWorkArea" />
		<KeyWord name="dynCSS" />
		<KeyWord name="edge" />
		<KeyWord name="edit" />
		<KeyWord name="editFieldsAtATime" />
		<KeyWord name="editFormsOnPage" />
		<KeyWord name="editIcons" />
		<KeyWord name="editNoPopup" />
		<KeyWord name="EDITPANEL" />
		<KeyWord name="editPanel" />
		<KeyWord name="edit_access" />
		<KeyWord name="edit_docModuleUpload" />
		<KeyWord name="edit_pageheader" />
		<KeyWord name="edit_RTE" />
		<KeyWord name="edit_showFieldHelp" />
		<KeyWord name="edit_wideDocument" />
		<KeyWord name="EFFECT" />
		<KeyWord name="effects" />
		<KeyWord name="elements" />
		<KeyWord name="else" />
		<KeyWord name="email" />
		<KeyWord name="emailMeAtLogin" />
		<KeyWord name="emailMess" />
		<KeyWord name="emboss" />
		<KeyWord name="enable" />
		<KeyWord name="enableArchiveDate" />
		<KeyWord name="enableConfigValidation" />
		<KeyWord name="enableContentLengthHeader" />
		<KeyWord name="encapsLines" />
		<KeyWord name="encapsLinesStdWrap" />
		<KeyWord name="encapsTagList" />
		<KeyWord name="end" />
		<KeyWord name="entryHTMLparser_db" />
		<KeyWord name="entryLevel" />
		<KeyWord name="equalH" />
		<KeyWord name="equals" />
		<KeyWord name="everybody" />
		<KeyWord name="excludeDoktypes" />
		<KeyWord name="excludeUidList" />
		<KeyWord name="expAll" />
		<KeyWord name="expand" />
		<KeyWord name="explode" />
		<KeyWord name="ext" />
		<KeyWord name="external" />
		<KeyWord name="externalBlocks" />
		<KeyWord name="extTarget" />
		<KeyWord name="face" />
		<KeyWord name="false" />
		<KeyWord name="FE" />
		<KeyWord name="feadmin" />
		<KeyWord name="FEData" />
		<KeyWord name="fe_adminLib" />
		<KeyWord name="fe_admin_dmailsubscrip" />
		<KeyWord name="fe_admin_fe_users" />
		<KeyWord name="FE_DATA" />
		<KeyWord name="fe_groups" />
		<KeyWord name="FE_TABLE" />
		<KeyWord name="fe_user" />
		<KeyWord name="fe_users" />
		<KeyWord name="field" />
		<KeyWord name="fieldOrder" />
		<KeyWord name="fieldPrefix" />
		<KeyWord name="fieldRequired" />
		<KeyWord name="fields" />
		<KeyWord name="fieldWrap" />
		<KeyWord name="file" />
		<KeyWord name="FILE" />
		<KeyWord name="file1" />
		<KeyWord name="file2" />
		<KeyWord name="file3" />
		<KeyWord name="file4" />
		<KeyWord name="file5" />
		<KeyWord name="filelink" />
		<KeyWord name="filelist" />
		<KeyWord name="firstLabel" />
		<KeyWord name="firstLabelGeneral" />
		<KeyWord name="fixAttrib" />
		<KeyWord name="flip" />
		<KeyWord name="flop" />
		<KeyWord name="folder" />
		<KeyWord name="folderTree" />
		<KeyWord name="foldoutMenu" />
		<KeyWord name="foldSpeed" />
		<KeyWord name="foldTimer" />
		<KeyWord name="fontColor" />
		<KeyWord name="fontFile" />
		<KeyWord name="fontOffset" />
		<KeyWord name="fontSize" />
		<KeyWord name="fontSizeMultiplicator" />
		<KeyWord name="fontTag" />
		<KeyWord name="forceDisplayFieldIcons" />
		<KeyWord name="forceDisplayIcons" />
		<KeyWord name="forceNoPopup" />
		<KeyWord name="forceTemplateParsing" />
		<KeyWord name="forceTypeValue" />
		<KeyWord name="foreign_label" />
		<KeyWord name="foreign_selector" />
		<KeyWord name="foreign_unique" />
		<KeyWord name="FORM" />
		<KeyWord name="format" />
		<KeyWord name="formName" />
		<KeyWord name="FRAME" />
		<KeyWord name="frame" />
		<KeyWord name="frameReloadIfNotInFrameset" />
		<KeyWord name="frameSet" />
		<KeyWord name="FRAMESET" />
		<KeyWord name="freezeMouseover" />
		<KeyWord name="ftu" />
		<KeyWord name="function" />
		<KeyWord name="Functions" />
		<KeyWord name="gamma" />
		<KeyWord name="gapBgCol" />
		<KeyWord name="gapLineCol" />
		<KeyWord name="gapLineThickness" />
		<KeyWord name="gapWidth" />
		<KeyWord name="get" />
		<KeyWord name="getBorder" />
		<KeyWord name="getLeft" />
		<KeyWord name="getRight" />
		<KeyWord name="getText" />
		<KeyWord name="GIFBUILDER" />
		<KeyWord name="global" />
		<KeyWord name="globalNesting" />
		<KeyWord name="globalString" />
		<KeyWord name="globalVar" />
		<KeyWord name="GMENU" />
		<KeyWord name="GMENU_FOLDOUT" />
		<KeyWord name="gmenu_foldout" />
		<KeyWord name="GMENU_LAYERS" />
		<KeyWord name="gmenu_layers" />
		<KeyWord name="goodMess" />
		<KeyWord name="GP" />
		<KeyWord name="gray" />
		<KeyWord name="group" />
		<KeyWord name="groupBy" />
		<KeyWord name="groupid" />
		<KeyWord name="gr_list" />
		<KeyWord name="header" />
		<KeyWord name="headerClass" />
		<KeyWord name="headerComment" />
		<KeyWord name="headerData" />
		<KeyWord name="headerSpace" />
		<KeyWord name="headerStyle" />
		<KeyWord name="header_layout" />
		<KeyWord name="header_link" />
		<KeyWord name="header_position" />
		<KeyWord name="headTag" />
		<KeyWord name="height" />
		<KeyWord name="helpText" />
		<KeyWord name="hidden" />
		<KeyWord name="hiddenFields" />
		<KeyWord name="hide" />
		<KeyWord name="hideButCreateMap" />
		<KeyWord name="hideButtons" />
		<KeyWord name="hideMenuTimer" />
		<KeyWord name="hideMenuWhenNotOver" />
		<KeyWord name="hidePStyleItems" />
		<KeyWord name="hideRecords" />
		<KeyWord name="hideSubmoduleIcons" />
		<KeyWord name="hideTables" />
		<KeyWord name="highColor" />
		<KeyWord name="history" />
		<KeyWord name="HMENU" />
		<KeyWord name="hostname" />
		<KeyWord name="hour" />
		<KeyWord name="hover" />
		<KeyWord name="hoverStyle" />
		<KeyWord name="HRULER" />
		<KeyWord name="html" />
		<KeyWord name="HTML" />
		<KeyWord name="HTMLparser" />
		<KeyWord name="HTMLparser_tags" />
		<KeyWord name="htmlSpecialChars" />
		<KeyWord name="htmlTag_dir" />
		<KeyWord name="htmlTag_langKey" />
		<KeyWord name="htmlTag_setParams" />
		<KeyWord name="http" />
		<KeyWord name="icon" />
		<KeyWord name="iconCObject" />
		<KeyWord name="icon_image_ext_list" />
		<KeyWord name="icon_link" />
		<KeyWord name="id" />
		<KeyWord name="IENV" />
		<KeyWord name="if" />
		<KeyWord name="ifBlank" />
		<KeyWord name="ifEmpty" />
		<KeyWord name="IFSUB" />
		<KeyWord name="IFSUBRO" />
		<KeyWord name="ignoreUseSubcategoriesForAndSelection" />
		<KeyWord name="IMAGE" />
		<KeyWord name="image" />
		<KeyWord name="imageLinkWrap" />
		<KeyWord name="imagePath" />
		<KeyWord name="images" />
		<KeyWord name="imagewidth" />
		<KeyWord name="imageWrapIfAny" />
		<KeyWord name="image_compression" />
		<KeyWord name="image_effects" />
		<KeyWord name="image_frames" />
		<KeyWord name="imgList" />
		<KeyWord name="imgMap" />
		<KeyWord name="imgMapExtras" />
		<KeyWord name="imgMax" />
		<KeyWord name="IMGMENU" />
		<KeyWord name="IMGMENUITEM" />
		<KeyWord name="imgNameNotRandom" />
		<KeyWord name="imgNamePrefix" />
		<KeyWord name="imgObjNum" />
		<KeyWord name="imgParams" />
		<KeyWord name="imgPath" />
		<KeyWord name="imgResource" />
		<KeyWord name="imgStart" />
		<KeyWord name="IMGTEXT" />
		<KeyWord name="imgText" />
		<KeyWord name="imgtext" />
		<KeyWord name="IMG_RESOURCE" />
		<KeyWord name="import" />
		<KeyWord name="inBranch" />
		<KeyWord name="inc" />
		<KeyWord name="includeCSS" />
		<KeyWord name="includeJS" />
		<KeyWord name="includeLibrary" />
		<KeyWord name="includeLibs" />
		<KeyWord name="includeNotInMenu" />
		<KeyWord name="INCLUDE_TYPOSCRIPT" />
		<KeyWord name="incT3Lib_htmlmail" />
		<KeyWord name="index" />
		<KeyWord name="index_descrLgd" />
		<KeyWord name="index_enable" />
		<KeyWord name="index_externals" />
		<KeyWord name="info" />
		<KeyWord name="inline" />
		<KeyWord name="inlineStyle2TempFile" />
		<KeyWord name="innerStdWrap" />
		<KeyWord name="innerStdWrap_all" />
		<KeyWord name="innerWrap" />
		<KeyWord name="innerWrap2" />
		<KeyWord name="input" />
		<KeyWord name="inputLevels" />
		<KeyWord name="insertClassesFromRTE" />
		<KeyWord name="insertData" />
		<KeyWord name="insertDmailerBoundaries" />
		<KeyWord name="intensity" />
		<KeyWord name="internalizeFontTags" />
		<KeyWord name="intTarget" />
		<KeyWord name="intval" />
		<KeyWord name="invert" />
		<KeyWord name="IP" />
		<KeyWord name="IProcFunc" />
		<KeyWord name="isFalse" />
		<KeyWord name="isGreaterThan" />
		<KeyWord name="isInList" />
		<KeyWord name="isLessThan" />
		<KeyWord name="isPositive" />
		<KeyWord name="isTrue" />
		<KeyWord name="itemArrayProcFunc" />
		<KeyWord name="itemH" />
		<KeyWord name="items" />
		<KeyWord name="itemsProcFunc" />
		<KeyWord name="iterations" />
		<KeyWord name="join" />
		<KeyWord name="jsmenu" />
		<KeyWord name="JSMENU" />
		<KeyWord name="JSMENUITEM" />
		<KeyWord name="JSwindow" />
		<KeyWord name="JSWindow" />
		<KeyWord name="JSwindow_params" />
		<KeyWord name="jumpurl" />
		<KeyWord name="jumpurl_enable" />
		<KeyWord name="jumpurl_mailto_disable" />
		<KeyWord name="jumpUrl_transferSession" />
		<KeyWord name="keep" />
		<KeyWord name="keepEntries" />
		<KeyWord name="keepNonMatchedTags" />
		<KeyWord name="key" />
		<KeyWord name="keywords" />
		<KeyWord name="label" />
		<KeyWord name="LABEL" />
		<KeyWord name="labelStdWrap" />
		<KeyWord name="labelWrap" />
		<KeyWord name="lang" />
		<KeyWord name="language" />
		<KeyWord name="languageField" />
		<KeyWord name="language_alt" />
		<KeyWord name="latestLimit" />
		<KeyWord name="latestWithCatSelector" />
		<KeyWord name="layerStyle" />
		<KeyWord name="layer_menu_id" />
		<KeyWord name="layout" />
		<KeyWord name="left" />
		<KeyWord name="leftIcons" />
		<KeyWord name="leftImgACT" />
		<KeyWord name="leftImgCUR" />
		<KeyWord name="leftImgNO" />
		<KeyWord name="leftjoin" />
		<KeyWord name="leftOffset" />
		<KeyWord name="levelmedia" />
		<KeyWord name="levelmedia" />
		<KeyWord name="levels" />
		<KeyWord name="leveltitle" />
		<KeyWord name="leveluid" />
		<KeyWord name="lib" />
		<KeyWord name="limit" />
		<KeyWord name="line" />
		<KeyWord name="lineColor" />
		<KeyWord name="lineThickness" />
		<KeyWord name="linkPrefix" />
		<KeyWord name="linkTitleToSelf" />
		<KeyWord name="linkToTop" />
		<KeyWord name="linkVars" />
		<KeyWord name="linkWrap" />
		<KeyWord name="list" />
		<KeyWord name="listNum" />
		<KeyWord name="listOnlyInSingleTableView" />
		<KeyWord name="LIT" />
		<KeyWord name="lm" />
		<KeyWord name="LOAD_REGISTER" />
		<KeyWord name="locale_all" />
		<KeyWord name="localNesting" />
		<KeyWord name="locationData" />
		<KeyWord name="lockFilePath" />
		<KeyWord name="lockPosition" />
		<KeyWord name="lockPosition_addSelf" />
		<KeyWord name="lockPosition_adjust" />
		<KeyWord name="lockToIP" />
		<KeyWord name="login" />
		<KeyWord name="loginUser" />
		<KeyWord name="longdescURL" />
		<KeyWord name="lowColor" />
		<KeyWord name="lower" />
		<KeyWord name="LR" />
		<KeyWord name="mailform" />
		<KeyWord name="mailto" />
		<KeyWord name="main" />
		<KeyWord name="mainScript" />
		<KeyWord name="makelinks" />
		<KeyWord name="markerWrap" />
		<KeyWord name="marks" />
		<KeyWord name="mask" />
		<KeyWord name="max" />
		<KeyWord name="maxAge" />
		<KeyWord name="maxAgeDays" />
		<KeyWord name="maxChars" />
		<KeyWord name="maxH" />
		<KeyWord name="maxHeight" />
		<KeyWord name="maxitems" />
		<KeyWord name="maxW" />
		<KeyWord name="maxWidth" />
		<KeyWord name="maxWInText" />
		<KeyWord name="maxWordsInSingleView" />
		<KeyWord name="max_size" />
		<KeyWord name="mayNotCreateEditShortcuts" />
		<KeyWord name="meaningfulTempFilePrefix" />
		<KeyWord name="media" />
		<KeyWord name="menu" />
		<KeyWord name="menuBackColor" />
		<KeyWord name="menuHeight" />
		<KeyWord name="menuName" />
		<KeyWord name="menuOffset" />
		<KeyWord name="menuWidth" />
		<KeyWord name="menu_type" />
		<KeyWord name="message_page_is_being_generated" />
		<KeyWord name="message_preview" />
		<KeyWord name="message_preview_workspace" />
		<KeyWord name="META" />
		<KeyWord name="meta" />
		<KeyWord name="metaCharset" />
		<KeyWord name="method" />
		<KeyWord name="min" />
		<KeyWord name="minH" />
		<KeyWord name="minitems" />
		<KeyWord name="minute" />
		<KeyWord name="minW" />
		<KeyWord name="mod" />
		<KeyWord name="mode" />
		<KeyWord name="module" />
		<KeyWord name="moduleMenuCollapsable" />
		<KeyWord name="month" />
		<KeyWord name="move_wizard" />
		<KeyWord name="MP_defaults" />
		<KeyWord name="MP_disableTypolinkClosestMPvalue" />
		<KeyWord name="MP_mapRootPoints" />
		<KeyWord name="MULTIMEDIA" />
		<KeyWord name="multimedia" />
		<KeyWord name="name" />
		<KeyWord name="navFrameResizable" />
		<KeyWord name="navFrameWidth" />
		<KeyWord name="negate" />
		<KeyWord name="nesting" />
		<KeyWord name="netprintApplicationLink" />
		<KeyWord name="neverHideAtCopy" />
		<KeyWord name="NEW" />
		<KeyWord name="new" />
		<KeyWord name="newContentWiz" />
		<KeyWord name="newPageWiz" />
		<KeyWord name="newRecordFromTable" />
		<KeyWord name="newRecordInPid" />
		<KeyWord name="newWindow" />
		<KeyWord name="newWizards" />
		<KeyWord name="new_wizard" />
		<KeyWord name="next" />
		<KeyWord name="niceText" />
		<KeyWord name="NO" />
		<KeyWord name="noAttrib" />
		<KeyWord name="noBlur" />
		<KeyWord name="noCache" />
		<KeyWord name="noCols" />
		<KeyWord name="noCreateRecordsLink" />
		<KeyWord name="noLink" />
		<KeyWord name="noLinkUnderline" />
		<KeyWord name="noMatchingValue_label" />
		<KeyWord name="noMenuMode" />
		<KeyWord name="nonCachedSubst" />
		<KeyWord name="none" />
		<KeyWord name="nonTypoTagStdWrap" />
		<KeyWord name="nonTypoTagUserFunc" />
		<KeyWord name="nonWrappedTag" />
		<KeyWord name="noOrderBy" />
		<KeyWord name="noPageBrowser" />
		<KeyWord name="noPageTitle" />
		<KeyWord name="noResultObj" />
		<KeyWord name="noRows" />
		<KeyWord name="noScaleUp" />
		<KeyWord name="noStretchAndMarginCells" />
		<KeyWord name="noThumbsInEB" />
		<KeyWord name="noThumbsInRTEimageSelect" />
		<KeyWord name="notification_email_charset" />
		<KeyWord name="notification_email_encoding" />
		<KeyWord name="notification_email_urlmode" />
		<KeyWord name="noTrimWrap" />
		<KeyWord name="noValueInsert" />
		<KeyWord name="noWrapAttr" />
		<KeyWord name="no_cache" />
		<KeyWord name="no_search" />
		<KeyWord name="numRows" />
		<KeyWord name="obj" />
		<KeyWord name="offset" />
		<KeyWord name="offsetWrap" />
		<KeyWord name="onlineWorkspaceInfo" />
		<KeyWord name="onlyCurrentPid" />
		<KeyWord name="opacity" />
		<KeyWord name="options" />
		<KeyWord name="orderBy" />
		<KeyWord name="OTABLE" />
		<KeyWord name="outerWrap" />
		<KeyWord name="outline" />
		<KeyWord name="outputLevels" />
		<KeyWord name="override" />
		<KeyWord name="overrideAttribs" />
		<KeyWord name="overrideEdit" />
		<KeyWord name="overrideId" />
		<KeyWord name="overridePageModule" />
		<KeyWord name="overrideWithExtension" />
		<KeyWord name="overruleMode" />
		<KeyWord name="PAGE" />
		<KeyWord name="page" />
		<KeyWord name="pageBreakToken" />
		<KeyWord name="pageFrameObj" />
		<KeyWord name="pageGenScript" />
		<KeyWord name="pages" />
		<KeyWord name="pages_language_overlay" />
		<KeyWord name="pageTitleFirst" />
		<KeyWord name="pageTree" />
		<KeyWord name="PAGE_TARGET" />
		<KeyWord name="PAGE_TSCONFIG_ID" />
		<KeyWord name="PAGE_TSCONFIG_IDLIST" />
		<KeyWord name="PAGE_TSCONFIG_STR" />
		<KeyWord name="parameter" />
		<KeyWord name="params" />
		<KeyWord name="parseFunc" />
		<KeyWord name="parseFunc_RTE" />
		<KeyWord name="parser" />
		<KeyWord name="password" />
		<KeyWord name="paste" />
		<KeyWord name="path" />
		<KeyWord name="permissions" />
		<KeyWord name="perms" />
		<KeyWord name="PHP_SCRIPT" />
		<KeyWord name="PHP_SCRIPT_EXT" />
		<KeyWord name="PHP_SCRIPT_INT" />
		<KeyWord name="pid" />
		<KeyWord name="pidInList" />
		<KeyWord name="PIDinRootline" />
		<KeyWord name="PIDupinRootline" />
		<KeyWord name="pid_list" />
		<KeyWord name="pixelSpaceFontSizeRef" />
		<KeyWord name="plaintextLib" />
		<KeyWord name="plainTextStdWrap" />
		<KeyWord name="plaintext_content" />
		<KeyWord name="plugin" />
		<KeyWord name="postBlanks" />
		<KeyWord name="postCObject" />
		<KeyWord name="postform" />
		<KeyWord name="postform_newThread" />
		<KeyWord name="postLineBlanks" />
		<KeyWord name="postLineChar" />
		<KeyWord name="postLineLen" />
		<KeyWord name="postUserFunc" />
		<KeyWord name="postUserFuncInt" />
		<KeyWord name="preBlanks" />
		<KeyWord name="preCObject" />
		<KeyWord name="prefix" />
		<KeyWord name="prefixComment" />
		<KeyWord name="prefixLocalAnchors" />
		<KeyWord name="prefixRelPathWith" />
		<KeyWord name="preIfEmptyListNum" />
		<KeyWord name="preLineBlanks" />
		<KeyWord name="preLineChar" />
		<KeyWord name="preLineLen" />
		<KeyWord name="prepend" />
		<KeyWord name="preserveEntities" />
		<KeyWord name="preserveTables" />
		<KeyWord name="preUserFunc" />
		<KeyWord name="prev" />
		<KeyWord name="preview" />
		<KeyWord name="previewBorder" />
		<KeyWord name="prevnextToSection" />
		<KeyWord name="printheader" />
		<KeyWord name="prioriCalc" />
		<KeyWord name="proc" />
		<KeyWord name="processScript" />
		<KeyWord name="properties" />
		<KeyWord name="protect" />
		<KeyWord name="protectLvar" />
		<KeyWord name="publish" />
		<KeyWord name="publish_levels" />
		<KeyWord name="QEisDefault" />
		<KeyWord name="quality" />
		<KeyWord name="RADIO" />
		<KeyWord name="radio" />
		<KeyWord name="radioWrap" />
		<KeyWord name="range" />
		<KeyWord name="rawUrlEncode" />
		<KeyWord name="recipient" />
		<KeyWord name="RECORDS" />
		<KeyWord name="recursive" />
		<KeyWord name="recursiveDelete" />
		<KeyWord name="redirect" />
		<KeyWord name="redirectToURL" />
		<KeyWord name="reduceColors" />
		<KeyWord name="register" />
		<KeyWord name="relatedByCategoryHeader_stdWrap" />
		<KeyWord name="relatedByCategory_stdWrap" />
		<KeyWord name="relativeToParentLayer" />
		<KeyWord name="relativeToTriggerItem" />
		<KeyWord name="relPathPrefix" />
		<KeyWord name="remap" />
		<KeyWord name="remapTag" />
		<KeyWord name="REMOTE_ADDR" />
		<KeyWord name="removeBadHTML" />
		<KeyWord name="removeDefaultJS" />
		<KeyWord name="removeIfEquals" />
		<KeyWord name="removeIfFalse" />
		<KeyWord name="removeItems" />
		<KeyWord name="removeObjectsOfDummy" />
		<KeyWord name="removePrependedNumbers" />
		<KeyWord name="removeTags" />
		<KeyWord name="removeWrapping" />
		<KeyWord name="renderCharset" />
		<KeyWord name="renderObj" />
		<KeyWord name="renderWrap" />
		<KeyWord name="REQ" />
		<KeyWord name="required" />
		<KeyWord name="reset" />
		<KeyWord name="resources" />
		<KeyWord name="RESTORE_REGISTER" />
		<KeyWord name="resultObj" />
		<KeyWord name="returnKey" />
		<KeyWord name="returnLast" />
		<KeyWord name="returnUrl" />
		<KeyWord name="rightImgACT" />
		<KeyWord name="rightImgCUR" />
		<KeyWord name="rightImgNO" />
		<KeyWord name="rightjoin" />
		<KeyWord name="rm" />
		<KeyWord name="rmTagIfNoAttrib" />
		<KeyWord name="RO" />
		<KeyWord name="rootline" />
		<KeyWord name="rotate" />
		<KeyWord name="rows" />
		<KeyWord name="rowSpace" />
		<KeyWord name="RO_chBgColor" />
		<KeyWord name="RTE" />
		<KeyWord name="RTEfullScreenWidth" />
		<KeyWord name="RTEkeyList" />
		<KeyWord name="RTE_compliant" />
		<KeyWord name="rte_enabled" />
		<KeyWord name="rules" />
		<KeyWord name="sample" />
		<KeyWord name="saveClipboard" />
		<KeyWord name="saveDocNew" />
		<KeyWord name="script" />
		<KeyWord name="search" />
		<KeyWord name="SEARCHRESULT" />
		<KeyWord name="secondRow" />
		<KeyWord name="section" />
		<KeyWord name="sectionIndex" />
		<KeyWord name="section_frame" />
		<KeyWord name="select" />
		<KeyWord name="selectFields" />
		<KeyWord name="select_key" />
		<KeyWord name="sendCacheHeaders" />
		<KeyWord name="sendCacheHeaders_onlyWhenLoginDeniedInBranch" />
		<KeyWord name="separator" />
		<KeyWord name="set" />
		<KeyWord name="setContentToCurrent" />
		<KeyWord name="setCurrent" />
		<KeyWord name="setfixed" />
		<KeyWord name="setFixedHeight" />
		<KeyWord name="setFixedWidth" />
		<KeyWord name="setJS_mouseOver" />
		<KeyWord name="setJS_openPic" />
		<KeyWord name="setOnly" />
		<KeyWord name="setup" />
		<KeyWord name="shadow" />
		<KeyWord name="SHARED" />
		<KeyWord name="sharpen" />
		<KeyWord name="shear" />
		<KeyWord name="short" />
		<KeyWord name="shortcut" />
		<KeyWord name="shortcutFrame" />
		<KeyWord name="shortcutGroups" />
		<KeyWord name="shortcutIcon" />
		<KeyWord name="shortcut_onEditId_dontSetPageTree" />
		<KeyWord name="shortcut_onEditId_keepExistingExpanded" />
		<KeyWord name="show" />
		<KeyWord name="showAccessRestrictedPages" />
		<KeyWord name="showActive" />
		<KeyWord name="showButtons" />
		<KeyWord name="showClipControlPanelsDespiteOfCMlayers" />
		<KeyWord name="showDomainNameWithTitle" />
		<KeyWord name="showFirst" />
		<KeyWord name="showHiddenPages" />
		<KeyWord name="showHiddenRecords" />
		<KeyWord name="showHistory" />
		<KeyWord name="showIfRTE" />
		<KeyWord name="showPageIdWithTitle" />
		<KeyWord name="showTagFreeClasses" />
		<KeyWord name="show_thumbs" />
		<KeyWord name="simulateDate" />
		<KeyWord name="simulateStaticDocuments" />
		<KeyWord name="simulateStaticDocuments_addTitle" />
		<KeyWord name="simulateStaticDocuments_dontRedirectPathInfoError" />
		<KeyWord name="simulateStaticDocuments_noTypeIfNoTitle" />
		<KeyWord name="simulateStaticDocuments_pEnc" />
		<KeyWord name="simulateStaticDocuments_pEnc_onlyP" />
		<KeyWord name="simulateStaticDocuments_replacementChar" />
		<KeyWord name="simulateUserGroup" />
		<KeyWord name="singleMaxH" />
		<KeyWord name="singleMaxW" />
		<KeyWord name="singlePid" />
		<KeyWord name="sitemap" />
		<KeyWord name="sitetitle" />
		<KeyWord name="siteUrl" />
		<KeyWord name="site_author" />
		<KeyWord name="site_keywords" />
		<KeyWord name="site_reserved" />
		<KeyWord name="size" />
		<KeyWord name="slide" />
		<KeyWord name="smallFormFields" />
		<KeyWord name="solarize" />
		<KeyWord name="sorting" />
		<KeyWord name="source" />
		<KeyWord name="space" />
		<KeyWord name="spaceAfter" />
		<KeyWord name="spaceBefore" />
		<KeyWord name="spaceBelowAbove" />
		<KeyWord name="spaceLeft" />
		<KeyWord name="spaceRight" />
		<KeyWord name="spacing" />
		<KeyWord name="spamProtectEmailAddresses" />
		<KeyWord name="spamProtectEmailAddresses_atSubst" />
		<KeyWord name="spamProtectEmailAddresses_lastDotSubst" />
		<KeyWord name="SPC" />
		<KeyWord name="special" />
		<KeyWord name="splash" />
		<KeyWord name="split" />
		<KeyWord name="splitChar" />
		<KeyWord name="splitRendering" />
		<KeyWord name="src" />
		<KeyWord name="startInTaskCenter" />
		<KeyWord name="stat" />
		<KeyWord name="stat_apache" />
		<KeyWord name="stat_apache_logfile" />
		<KeyWord name="stat_apache_niceTitle" />
		<KeyWord name="stat_apache_noHost" />
		<KeyWord name="stat_apache_noRoot" />
		<KeyWord name="stat_apache_notExtended" />
		<KeyWord name="stat_apache_pagenames" />
		<KeyWord name="stat_excludeBEuserHits" />
		<KeyWord name="stat_excludeIPList" />
		<KeyWord name="stat_mysql" />
		<KeyWord name="stat_pageLen" />
		<KeyWord name="stat_titleLen" />
		<KeyWord name="stat_typeNumList" />
		<KeyWord name="stayFolded" />
		<KeyWord name="stdheader" />
		<KeyWord name="stdWrap" />
		<KeyWord name="stdWrap2" />
		<KeyWord name="strftime" />
		<KeyWord name="stripHtml" />
		<KeyWord name="styles" />
		<KeyWord name="stylesheet" />
		<KeyWord name="subheaderOnAllSViewPages" />
		<KeyWord name="submenuObjSuffixes" />
		<KeyWord name="subMenuOffset" />
		<KeyWord name="submit" />
		<KeyWord name="subparts" />
		<KeyWord name="substMarksSeparately" />
		<KeyWord name="substring" />
		<KeyWord name="subst_elementUid" />
		<KeyWord name="swirl" />
		<KeyWord name="sword" />
		<KeyWord name="sword_noMixedCase" />
		<KeyWord name="SWORD_PARAMS" />
		<KeyWord name="sword_standAlone" />
		<KeyWord name="symmetric_label" />
		<KeyWord name="system" />
		<KeyWord name="sys_dmail" />
		<KeyWord name="sys_domain" />
		<KeyWord name="sys_filemounts" />
		<KeyWord name="sys_language_mode" />
		<KeyWord name="sys_language_overlay" />
		<KeyWord name="sys_language_softExclude" />
		<KeyWord name="sys_language_softMergeIfNotBlank" />
		<KeyWord name="sys_language_uid" />
		<KeyWord name="sys_note" />
		<KeyWord name="sys_page" />
		<KeyWord name="sys_template" />
		<KeyWord name="tabel" />
		<KeyWord name="table" />
		<KeyWord name="tableCellColor" />
		<KeyWord name="tableParams" />
		<KeyWord name="tables" />
		<KeyWord name="tableStdWrap" />
		<KeyWord name="tableStyle" />
		<KeyWord name="tableWidth" />
		<KeyWord name="tags" />
		<KeyWord name="target" />
		<KeyWord name="TCAdefaults" />
		<KeyWord name="TCAselectItem" />
		<KeyWord name="TCEFORM" />
		<KeyWord name="TCEMAIN" />
		<KeyWord name="TDparams" />
		<KeyWord name="temp" />
		<KeyWord name="template" />
		<KeyWord name="TEMPLATE" />
		<KeyWord name="templateContent" />
		<KeyWord name="templateFile" />
		<KeyWord name="TEMPLATE_CAT_RELATED" />
		<KeyWord name="TEMPLATE_LIST" />
		<KeyWord name="text" />
		<KeyWord name="TEXT" />
		<KeyWord name="textarea" />
		<KeyWord name="textMargin" />
		<KeyWord name="textMargin_outOfText" />
		<KeyWord name="textMaxLength" />
		<KeyWord name="textObjNum" />
		<KeyWord name="textpic" />
		<KeyWord name="textPos" />
		<KeyWord name="textStyle" />
		<KeyWord name="text_align" />
		<KeyWord name="text_color" />
		<KeyWord name="text_face" />
		<KeyWord name="text_properties" />
		<KeyWord name="text_size" />
		<KeyWord name="thickness" />
		<KeyWord name="this" />
		<KeyWord name="thumbnailsByDefault" />
		<KeyWord name="tile" />
		<KeyWord name="time_stdWrap" />
		<KeyWord name="tipafriendLib" />
		<KeyWord name="tipafriend_template" />
		<KeyWord name="title" />
		<KeyWord name="titleLen" />
		<KeyWord name="titleTagFunction" />
		<KeyWord name="titleText" />
		<KeyWord name="tm" />
		<KeyWord name="TMENU" />
		<KeyWord name="TMENUITEM" />
		<KeyWord name="TMENU_LAYERS" />
		<KeyWord name="tmpl" />
		<KeyWord name="token" />
		<KeyWord name="top" />
		<KeyWord name="topOffset" />
		<KeyWord name="totalWidth" />
		<KeyWord name="translateToMessage" />
		<KeyWord name="transparentBackground" />
		<KeyWord name="transparentColor" />
		<KeyWord name="treeLevel" />
		<KeyWord name="trim" />
		<KeyWord name="true" />
		<KeyWord name="tsdebug" />
		<KeyWord name="tsdebug_tree" />
		<KeyWord name="TSFE" />
		<KeyWord name="tt_address" />
		<KeyWord name="tt_board" />
		<KeyWord name="tt_board_list" />
		<KeyWord name="tt_board_tree" />
		<KeyWord name="tt_calender" />
		<KeyWord name="tt_content" />
		<KeyWord name="tt_guest" />
		<KeyWord name="tt_news" />
		<KeyWord name="tt_poll" />
		<KeyWord name="tt_products" />
		<KeyWord name="tt_rating" />
		<KeyWord name="twice" />
		<KeyWord name="tx_automaketemplate_pi1" />
		<KeyWord name="tx_belog_webinfo" />
		<KeyWord name="tx_browserpagetitle" />
		<KeyWord name="tx_browserpagetitle_browser_title" />
		<KeyWord name="tx_chcforum_pi1" />
		<KeyWord name="tx_cms_layout" />
		<KeyWord name="tx_cms_webinfo_hits" />
		<KeyWord name="tx_cms_webinfo_lang" />
		<KeyWord name="tx_cms_webinfo_page" />
		<KeyWord name="tx_cssstyledcontent_pi1" />
		<KeyWord name="tx_dephpot_pi1" />
		<KeyWord name="tx_extkey" />
		<KeyWord name="tx_extkey_controllers" />
		<KeyWord name="tx_extkey_login" />
		<KeyWord name="tx_extrapagecmoptions" />
		<KeyWord name="tx_funcwizards_webfunc" />
		<KeyWord name="tx_gooffotoboek_pi1" />
		<KeyWord name="tx_impexp" />
		<KeyWord name="tx_impexp_clickmenu" />
		<KeyWord name="tx_impexp_modfunc1" />
		<KeyWord name="tx_indexedsearch" />
		<KeyWord name="tx_indexedsearch_indexer" />
		<KeyWord name="tx_indexedsearch_lexer" />
		<KeyWord name="tx_indexedsearch_modfunc1" />
		<KeyWord name="tx_indexedsearch_modfunc2" />
		<KeyWord name="tx_indexedsearch_pihook" />
		<KeyWord name="tx_indexed_search_extparse" />
		<KeyWord name="tx_infopagetsconfig_webinfo" />
		<KeyWord name="tx_install" />
		<KeyWord name="tx_lzgallery_pi1" />
		<KeyWord name="tx_macinasearchbox_pi1" />
		<KeyWord name="tx_mhajaxsearch_pi1" />
		<KeyWord name="tx_mhajaxsearch_q" />
		<KeyWord name="tx_mhajaxsearch_result" />
		<KeyWord name="tx_mhajaxsearch_search" />
		<KeyWord name="tx_newloginbox_pi1" />
		<KeyWord name="tx_newloginbox_pi3" />
		<KeyWord name="tx_open_printlink" />
		<KeyWord name="tx_pdfgenerator" />
		<KeyWord name="tx_pdfgenerator2" />
		<KeyWord name="tx_realurl_advanced" />
		<KeyWord name="tx_realurl_enable" />
		<KeyWord name="tx_realurl_pathsegment" />
		<KeyWord name="tx_realurl_pi1" />
		<KeyWord name="tx_rlmptmplselector" />
		<KeyWord name="tx_rlmptmplselector_pi1" />
		<KeyWord name="tx_sochat_pi1" />
		<KeyWord name="tx_srfeuserregister_pi1" />
		<KeyWord name="tx_sv_auth" />
		<KeyWord name="tx_sv_authbase" />
		<KeyWord name="tx_sysaction" />
		<KeyWord name="tx_templavoila_pi1" />
		<KeyWord name="tx_terdoc_pi1" />
		<KeyWord name="tx_ttnews" />
		<KeyWord name="tx_ttnews_catmenu" />
		<KeyWord name="tx_ttnews_itemsProcFunc" />
		<KeyWord name="tx_ttnews_tcemain" />
		<KeyWord name="tx_ttnews_treeview" />
		<KeyWord name="tx_ttproducts_pi1" />
		<KeyWord name="tx_veguestbook_pi1" />
		<KeyWord name="tx_version_cm1" />
		<KeyWord name="tx_vjchat_chat" />
		<KeyWord name="tx_vjchat_pi1" />
		<KeyWord name="tx_wizardcrpages_webfunc_2" />
		<KeyWord name="tx_wizardsortpages_webfunc_2" />
		<KeyWord name="tx_wwwebstats4u_pi1" />
		<KeyWord name="type" />
		<KeyWord name="typeNum" />
		<KeyWord name="types" />
		<KeyWord name="TYPO3_CONF_VARS" />
		<KeyWord name="typolink" />
		<KeyWord name="typolinkCheckRootline" />
		<KeyWord name="typolinkLinkAccessRestrictedPages" />
		<KeyWord name="typolinkLinkAccessRestrictedPages_addParams" />
		<KeyWord name="uid" />
		<KeyWord name="uidInList" />
		<KeyWord name="uniqueGlobal" />
		<KeyWord name="uniqueLinkVars" />
		<KeyWord name="uniqueLocal" />
		<KeyWord name="unset" />
		<KeyWord name="unsetEmpty" />
		<KeyWord name="updated" />
		<KeyWord name="uploadFieldsInTopOfEB" />
		<KeyWord name="uploads" />
		<KeyWord name="upper" />
		<KeyWord name="url" />
		<KeyWord name="us" />
		<KeyWord name="useCacheHash" />
		<KeyWord name="useHRDates" />
		<KeyWord name="useLargestItemX" />
		<KeyWord name="useLargestItemY" />
		<KeyWord name="useMultiPageSingleView" />
		<KeyWord name="useParagraphAsPagebreak" />
		<KeyWord name="USER" />
		<KeyWord name="user" />
		<KeyWord name="useragent" />
		<KeyWord name="USERDEF1" />
		<KeyWord name="USERDEF1RO" />
		<KeyWord name="USERDEF2" />
		<KeyWord name="USERDEF2RO" />
		<KeyWord name="userdefined" />
		<KeyWord name="userFunc" />
		<KeyWord name="userfunction" />
		<KeyWord name="usergroup" />
		<KeyWord name="userid" />
		<KeyWord name="userIdColumn" />
		<KeyWord name="USERNAME_substToken" />
		<KeyWord name="userProc" />
		<KeyWord name="USERUID_substToken" />
		<KeyWord name="USER_INT" />
		<KeyWord name="user_task" />
		<KeyWord name="USR" />
		<KeyWord name="USRRO" />
		<KeyWord name="value" />
		<KeyWord name="valueArray" />
		<KeyWord name="version" />
		<KeyWord name="view" />
		<KeyWord name="wave" />
		<KeyWord name="web_func" />
		<KeyWord name="web_info" />
		<KeyWord name="web_layout" />
		<KeyWord name="web_list" />
		<KeyWord name="web_ts" />
		<KeyWord name="where" />
		<KeyWord name="width" />
		<KeyWord name="wiz" />
		<KeyWord name="wordSpacing" />
		<KeyWord name="workArea" />
		<KeyWord name="workOnSubpart" />
		<KeyWord name="wrap" />
		<KeyWord name="wrap1" />
		<KeyWord name="wrap2" />
		<KeyWord name="wrap3" />
		<KeyWord name="wrapAfterTags" />
		<KeyWord name="wrapAlign" />
		<KeyWord name="wrapFieldName" />
		<KeyWord name="wrapItemAndSub" />
		<KeyWord name="wrapNonWrappedLines" />
		<KeyWord name="wraps" />
		<KeyWord name="xhtmlDoctype" />
		<KeyWord name="xhtml_cleaning" />
		<KeyWord name="xhtml_strict" />
		<KeyWord name="xhtml_trans" />
		<KeyWord name="xmlprologue" />
		<KeyWord name="xMOD_alt_doc" />
		<KeyWord name="xPosOffset" />
		<KeyWord name="XY" />
		<KeyWord name="ypMenu" />
		<KeyWord name="yPosOffset" />
		<KeyWord name="_CSS_DEFAULT_STYLE" />
		<KeyWord name="_DEFAULT_PI_VARS" />
		<KeyWord name="_GIFBUILDER" />
		<KeyWord name="_LOCAL_LANG" />
		<KeyWord name="_offset" />
	</AutoComplete>
</NotepadPlus>